title,price,image_link
"
Сотовый телефон Xiaomi Redmi 10A 3/64GB серый
","

 10680 сом
-2%

10500 сом
",/images/product/107526/1655262496_92690500.jpg
"
Сотовый телефон Xiaomi Redmi Note 11 6/128GB синий
","
15960 сом
",/images/product/103434/1645002019_77390500.png
"
Сотовый телефон Apple iPhone 13 128GB зеленый
","
66240 сом
",/images/product/105482/1650357323_84906500.png
"
Сотовый телефон Xiaomi 12X 8/128GB голубой
","
43040 сом
",/images/product/107274/1654619545_31822900.jpg
"
Сотовый телефон Samsung Galaxy A03s 2/32GB черный
","
10500 сом
",/images/product/109066/1658515264_83337500.jpg
"
Сотовый телефон Xiaomi Redmi 9C 4/128GB серый
","
10950 сом
",/images/product/95755/1627654600_03946800.jpg
"
Сотовый телефон Xiaomi Redmi Note 11 6/128GB голубой
","
15960 сом
",/images/product/103435/1645002057_84343700.jpg
"
Сотовый телефон Xiaomi 12 8/256GB голубой
","
47810 сом
",/images/product/105227/1649418971_59438400.jpg
"
Сотовый телефон Apple iPhone 13 256GB зеленый
","
75500 сом
",/images/product/105483/1650357352_25448500.png
"
Сотовый телефон Xiaomi Redmi 10A 2/32GB черный
","

 9210 сом
-4%

8840 сом
",/images/product/108299/1656851875_65254900.jpg
"
Сотовый телефон Samsung Galaxy A03s 2/32GB синий
","
10500 сом
",/images/product/109067/1658515281_67990100.jpg
"
Сотовый телефон Samsung Galaxy Note 20 Ultra 5G 12/256GB белый
","
74980 сом
",/images/product/95756/1627808224_15778300.jpg
"
Сотовый телефон Samsung Galaxy A13 4G 4/128GB белый
","
15520 сом
",/images/product/105484/1650357974_27932300.jpg
"
Сотовый телефон Apple iPhone 12 128GB черный
","

 60420 сом
-1%

59530 сом
",/images/product/85005/1643526274_78712300.png
"
Сотовый телефон Samsung Galaxy Note 20 Ultra 5G 12/256GB черный
","
74980 сом
",/images/product/95757/1627808275_13416200.jpg
"
Сотовый телефон Samsung Galaxy A13 4G 4/128GB персиковый
","
15520 сом
",/images/product/105485/1650358086_11066600.jpg
"
Сотовый телефон Samsung Galaxy Note 20 Ultra 5G 12/256GB бронзовый
","
74980 сом
",/images/product/95758/1627808340_15191000.jpg
"
Сотовый телефон Xiaomi 12 Pro 12/256GB голубой
","

 68970 сом
-12%

60420 сом
",/images/product/105230/1649420104_56081500.jpg
"
Сотовый телефон Samsung Galaxy A13 4G 4/128GB голубой
","
15520 сом
",/images/product/105486/1650358323_75303600.jpg
"
Сотовый телефон Xiaomi 12 Pro 12/256GB серый
","

 68000 сом
-11%

60420 сом
",/images/product/105231/1649420344_67821700.jpg
"
Сотовый телефон Xiaomi 12 Lite 6/128GB черный
","
29280 сом
",/images/product/109071/1658516810_62408600.jpg
"
Сотовый телефон Xiaomi 12 Pro 12/256GB фиолетовый 
","

 68970 сом
-12%

60420 сом
",/images/product/105232/1649420536_95159600.jpg
"
Сотовый телефон Xiaomi Redmi Note 11 Pro 4G 6/64GB серый
","

 18620 сом
-2%

18260 сом
",/images/product/105234/1649421144_46769300.jpg
"
Сотовый телефон Xiaomi Redmi 10A 3/64GB черный
","

 10680 сом
-2%

10500 сом
",/images/product/109074/1658517593_39497600.jpg
"
Сотовый телефон Xiaomi Poco M5 6/128GB желтый
","
15520 сом
",/images/product/114706/1670170580_42110600.jpg
"
Сотовый телефон Xiaomi Redmi 10A 3/64GB синий
","

 10680 сом
-2%

10500 сом
",/images/product/109075/1658517610_56121800.jpg
"
Сотовый телефон Apple iPhone 12 128GB синий
","

 60420 сом
-1%

59530 сом
",/images/product/85012/1643526361_96879600.png
"
Сотовый телефон Xiaomi Redmi 10C 4/64GB синий
","
12520 сом
",/images/product/105236/1649421688_26701400.jpg
"
Сотовый телефон Apple iPhone 12 128GB зеленый
","

 60420 сом
-1%

59530 сом
",/images/product/85013/1643526404_67562500.png
"
Сотовый телефон Apple iPhone 12 128GB белый
","

 60420 сом
-1%

59530 сом
",/images/product/85014/1643526452_17028900.png
"
Сотовый телефон Samsung Galaxy A13 (SM-A137) 4/64GB голубой
","
13330 сом
",/images/product/115990/1673514385_69224500.jpg
"
Сотовый телефон Samsung Galaxy A13 4G 4/128GB черный
","
15520 сом
",/images/product/105240/1649532350_74060700.jpg
"
Сотовый телефон Xiaomi Redmi Note 10S 6/128GB черный
","
15080 сом
",/images/product/93209/1622210076_99878100.jpg
"
Сотовый телефон Xiaomi Redmi 10C 4/64GB серый
","
12520 сом
",/images/product/105498/1650368060_68248100.jpg
"
Сотовый телефон Nokia 230 Dual Sim белый
","
5290 сом
",/images/product/42779/42779.jpg
"
Сотовый телефон Xiaomi Poco F4 GT 5G 12/256GB черный
","
43480 сом
",/images/product/109083/1658720563_38249000.jpg
"
Сотовый телефон Xiaomi Poco F4 GT 5G 12/256GB серебристый
","
43480 сом
",/images/product/109084/1658720577_21437100.jpg
"
Сотовый телефон Xiaomi Poco F4 5G 8/256GB серебристый
","
32240 сом
",/images/product/109852/1661083331_27930000.jpg
"
Сотовый телефон Xiaomi Poco X4 Pro 6/128GB желтый
","
23660 сом
",/images/product/104221/1647731817_78940100.jpg
"
Сотовый телефон Xiaomi Poco F4 GT 5G 12/256GB желтый
","
43480 сом
",/images/product/109085/1658720591_14836600.jpg
"
Сотовый телефон Xiaomi Poco F4 5G 8/256GB зеленый
","
32240 сом
",/images/product/109853/1661083479_16875100.jpg
"
Сотовый телефон Xiaomi Poco F4 GT 5G 8/128GB черный
","
34660 сом
",/images/product/114973/1670677926_35709100.jpg
"
Сотовый телефон Xiaomi Redmi A1 Plus 2/32 зеленый
","

 7670 сом
-3%

7410 сом
",/images/product/113445/1667905147_64028800.jpg
"
Сотовый телефон Apple iPhone 13 Pro Max 256GB зеленый
","

 114930 сом
-1%

114040 сом
",/images/product/104490/1647674948_37575000.png
"
Сотовый телефон Xiaomi Redmi Note 11S 6/128GB синий
","
19230 сом
",/images/product/103211/1647068431_46332300.jpg
"
Сотовый телефон Apple iPhone 13 Pro 256GB зеленый
","
109100 сом
",/images/product/104491/1647674899_77661000.png
"
Сотовый телефон Xiaomi Redmi Note 11S 6/128GB серый
","
19230 сом
",/images/product/103212/1647068464_47045900.jpg
"
Сотовый телефон Xiaomi 12X 8/128GB серый
","
43040 сом
",/images/product/104492/1647675688_56541800.jpg
"
Сотовый телефон Xiaomi Poco M3 Pro 5G 4/64GB желтый
","
13140 сом
",/images/product/95021/1625596396_19133600.jpg
"
Сотовый телефон Xiaomi Redmi Note 11S 6/64GB серый
","
17550 сом
",/images/product/103213/1644315300_18447500.jpg
"
Сотовый телефон Xiaomi Poco M3 Pro 5G 4/64GB синий
","
13140 сом
",/images/product/95022/1625596457_51859000.jpg
"
Сотовый телефон Xiaomi Redmi Note 11S 8/128GB серый
","
20140 сом
",/images/product/103730/1647067810_26792000.jpg
"
Сотовый телефон Xiaomi Redmi Note 11S 8/128GB белый
","
20140 сом
",/images/product/103731/1645887958_79387100.jpg
"
Сотовый телефон Xiaomi Redmi Note 11S 8/128GB синий
","
20140 сом
",/images/product/103732/1647067786_23073500.jpg
"
Сотовый телефон Xiaomi Redmi Note 11 4/64GB серый
","
15520 сом
",/images/product/102965/1643478422_63941400.jpg
"
Сотовый телефон Xiaomi Redmi Note 11 Pro 4G 8/128GB серый
","
22060 сом
",/images/product/103733/1645892206_15016100.jpg
"
Сотовый телефон Xiaomi Redmi Note 11 4/64GB голубой
","
15520 сом
",/images/product/102966/1647097832_69777400.jpg
"
Сотовый телефон Xiaomi Redmi Note 11 Pro 4G 8/128GB белый
","
22060 сом
",/images/product/103734/1645892235_58946500.jpg
"
Сотовый телефон Xiaomi Redmi Note 11 4/64GB синий
","
15520 сом
",/images/product/102967/1644472868_27682200.png
"
Сотовый телефон Xiaomi Redmi Note 11 Pro 4G 8/128GB голубой
","
22060 сом
",/images/product/103735/1645892274_42897700.jpg
"
Сотовый телефон Xiaomi Redmi Note 11 4/128GB серый
","
16330 сом
",/images/product/102968/1643478748_98003500.jpg
"
Сотовый телефон Xiaomi Redmi Note 11 4/128GB синий
","
16330 сом
",/images/product/102969/1643478762_66145700.jpg
"
Сотовый телефон Xiaomi Redmi Note 11 4/128GB голубой
","
16330 сом
",/images/product/102970/1646635011_63343100.jpg
"
Сотовый телефон Xiaomi Redmi 9A 2/32GB голубой
","
8200 сом
",/images/product/81981/1595752806_94536000.jpg
"
Сотовый телефон Samsung Galaxy A03 3/32GB черный
","
10050 сом
",/images/product/103742/1645913771_05954500.jpg
"
Сотовый телефон Samsung Galaxy A03 3/32GB синий
","
10050 сом
",/images/product/103743/1645913869_12021300.jpg
"
Сотовый телефон Samsung Galaxy A73 5G 8/128GB серый
","
37230 сом
",/images/product/107071/1653798204_78028800.jpg
"
Сотовый телефон Samsung Galaxy A03 3/32GB красный
","
10050 сом
",/images/product/103744/1645913966_49066000.jpg
"
Сотовый телефон Xiaomi Poco X4 Pro 6/128GB черный
","
23660 сом
",/images/product/104512/1647723211_84598600.jpg
"
Сотовый телефон Samsung Galaxy A73 5G 8/128GB мятный
","
37230 сом
",/images/product/107072/1653798236_82254000.jpg
"
Сотовый телефон Xiaomi Poco X4 Pro 6/128GB синий
","
23660 сом
",/images/product/104513/1647732062_04600100.jpg
"
Сотовый телефон Samsung Galaxy A73 5G 8/128GB белый
","
37230 сом
",/images/product/107073/1653798260_61509500.jpg
"
Сотовый телефон Xiaomi Poco X4 Pro 8/256 синий
","
26820 сом
",/images/product/104514/1647732278_60639400.jpg
"
Сотовый телефон Xiaomi Poco X4 Pro 8/256 желтый
","
26820 сом
",/images/product/104515/1647732390_08051000.jpg
"
Сотовый телефон Xiaomi Poco X4 Pro 8/256 черный
","
26820 сом
",/images/product/104516/1647732556_13519100.jpg
"
Сотовый телефон Oppo A12 3/32GB черный
","
7580 сом
",/images/product/88645/1612701244_62722900.jpg
"
Сотовый телефон Xiaomi Redmi 9C 4/128GB зеленый
","
10950 сом
",/images/product/102469/1642071660_13975400.jpg
"
Сотовый телефон Apple iPhone 14 Pro Max 1TB космический черный
","

 168730 сом
-1%

167840 сом
",/images/product/111173/1667071163_70803900.jpg
"
Сотовый телефон Honor 10X Lite 4/128GB полночный черный
","
16590 сом
",/images/product/93510/1622748563_91751500.jpg
"
Сотовый телефон Apple iPhone 14 Pro Max 1TB серебристый
","

 168730 сом
-1%

167840 сом
",/images/product/111174/1667071276_10960400.jpg
"
Сотовый телефон Honor 10X Lite 4/128GB изумрудно-зеленый
","
16590 сом
",/images/product/93511/1622748618_14672000.jpg
"
Сотовый телефон Xiaomi Redmi Note 10S 8/128GB черный
","
15880 сом
",/images/product/95303/1626169302_51333000.jpg
"
Сотовый телефон Honor 10X Lite 4/128GB ледяной белый
","
16590 сом
",/images/product/93512/1622749002_48731700.jpg
"
Сотовый телефон Samsung Galaxy A23 4/64GB голубой
","
16150 сом
",/images/product/105289/1649749218_11605000.jpg
"
Сотовый телефон Xiaomi Poco X4 GT 5G 8/128GB черный
","

 26280 сом
-1%

26020 сом
",/images/product/114505/1669627189_26648900.jpg
"
Сотовый телефон Samsung Galaxy A23 4/64GB персиковый
","
16150 сом
",/images/product/105290/1649749259_77093200.jpg
"
Сотовый телефон Xiaomi Poco X4 GT 5G 8/128GB голубой
","
26370 сом
",/images/product/114506/1669627205_22550400.jpg
"
Сотовый телефон Samsung Galaxy A23 4/64GB белый
","
16150 сом
",/images/product/105291/1649749329_43767500.jpg
"
Сотовый телефон Samsung Galaxy A23 4/64GB черный
","
16150 сом
",/images/product/105292/1649749368_86203000.jpg
"
Сотовый телефон Samsung A04e 3/64GB черный
","
9880 сом
",/images/product/115276/1671509712_46128700.jpg
"
Сотовый телефон Samsung Galaxy S22 8/128GB черный
","
55040 сом
",/images/product/105293/1649752086_95407900.jpg
"
Сотовый телефон Samsung A04e 3/64GB голубой
","
9880 сом
",/images/product/115277/1671509715_27486800.jpg
"
Сотовый телефон Samsung Galaxy S22 8/128GB белый
","
55040 сом
",/images/product/105294/1649752235_95589400.jpg
"
Сотовый телефон Apple iPhone 14 Plus 128GB сияющая звезда
","

 81060 сом
-1%

80610 сом
",/images/product/112974/1667069177_83440800.jpg
"
Сотовый телефон Samsung A04e 3/64GB медный
","
9880 сом
",/images/product/115278/1671509720_02356400.jpg
"
Сотовый телефон Xiaomi 12X 8/256GB голубой
","
46920 сом
",/images/product/104271/1647325756_04816700.jpg
"
Сотовый телефон Samsung Galaxy S22 8/128GB розовый
","
55040 сом
",/images/product/105295/1649753441_00343800.jpg
"
Сотовый телефон Apple iPhone 13 Pro Max 1TB зеленый
","
122160 сом
",/images/product/106575/1652679756_55623100.png
"
Сотовый телефон Apple iPhone 14 Plus 128GB красный
","

 81060 сом
-1%

80610 сом
",/images/product/112975/1667069193_33978200.jpg
"
Сотовый телефон Xiaomi Poco M5 4/128GB желтый
","
15080 сом
",/images/product/115279/1671510549_41357400.jpg
"
Сотовый телефон Itel A48 2/32GB зеленый
","
5820 сом
",/images/product/104272/1647329030_31470000.jpg
"
Сотовый телефон Samsung Galaxy S22 8/128GB зеленый 
","
55040 сом
",/images/product/105296/1649753870_42409800.jpg
"
Сотовый телефон Apple iPhone 14 Plus 256GB фиолетовый
","

 89790 сом
-1%

88740 сом
",/images/product/112976/1667069679_17083300.jpg
"
Сотовый телефон Xiaomi Poco M5 4/128GB зеленый
","
15080 сом
",/images/product/115280/1671510552_67112300.jpg
"
Сотовый телефон Itel A48 2/32GB черный
","
5820 сом
",/images/product/104273/1647329046_59522700.jpg
"
Сотовый телефон Samsung Galaxy S22 8/128GB серый
","
55040 сом
",/images/product/105297/1649754043_99416300.jpg
"
Сотовый телефон Xiaomi Redmi A1 Plus 2/32 черный
","

 7670 сом
-3%

7410 сом
",/images/product/111953/1665140516_39342400.jpg
"
Сотовый телефон Apple iPhone 14 Plus 256GB сияющая звезда
","

 89790 сом
-1%

88740 сом
",/images/product/112977/1667069774_95840800.jpg
"
Сотовый телефон Samsung A04e 3/32GB черный
","
8910 сом
",/images/product/115281/1671517415_62744800.jpg
"
Сотовый телефон Itel Vision 1 Pro 2/32GB черный
","
6260 сом
",/images/product/104274/1647330050_96188500.jpg
"
Сотовый телефон Samsung Galaxy S22 8/128GB голубой
","
55040 сом
",/images/product/105298/1649754174_37540500.jpg
"
Сотовый телефон Samsung Galaxy A33 5G 6/128GB черный
","
23750 сом
",/images/product/106578/1652691752_34677700.jpg
"
Сотовый телефон Xiaomi Redmi A1 Plus 2/32 голубой
","

 7670 сом
-3%

7410 сом
",/images/product/111954/1665140628_84348900.jpg
"
Сотовый телефон Apple iPhone 14 Plus 256GB голубой
","

 89790 сом
-1%

88740 сом
",/images/product/112978/1667069873_64341600.jpg
"
Сотовый телефон Samsung Galaxy S22 8/128GB фиолетовый
","
55040 сом
",/images/product/105299/1649754295_98434800.jpg
"
Сотовый телефон Samsung Galaxy A33 5G 6/128GB голубой
","
23750 сом
",/images/product/106579/1652691866_03439300.jpg
"
Сотовый телефон Apple iPhone 14 Plus 256GB красный
","

 89790 сом
-1%

88740 сом
",/images/product/112979/1667069975_61809600.jpg
"
Сотовый телефон Samsung Galaxy S22 8/128GB бежевый
","
55040 сом
",/images/product/105300/1649754473_41211500.jpg
"
Сотовый телефон Samsung Galaxy A33 5G 6/128GB персиковый
","
23750 сом
",/images/product/106580/1652691995_19543500.jpg
"
Сотовый телефон Samsung Galaxy A53 5G 6/128GB черный
","
29190 сом
",/images/product/105301/1649760257_29490300.jpg
"
Сотовый телефон Samsung Galaxy A33 5G 6/128GB белый
","
23750 сом
",/images/product/106581/1652692112_53592600.jpg
"
Сотовый телефон Xiaomi 12T 8/128GB черный
","
34660 сом
",/images/product/111957/1665144497_27894700.jpg
"
Сотовый телефон Samsung Galaxy A53 5G 6/128GB белый
","
29190 сом
",/images/product/105302/1649760394_16626600.jpg
"
Сотовый телефон Xiaomi 12T 8/128GB голубой
","
34490 сом
",/images/product/111958/1665144514_76168200.jpg
"
Сотовый телефон Samsung Galaxy A53 5G 6/128GB персиковый
","
29190 сом
",/images/product/105303/1649760623_66398000.jpg
"
Сотовый телефон Xiaomi 12T 8/256GB черный
","
36460 сом
",/images/product/111959/1665144844_02032800.jpg
"
Сотовый телефон Samsung Galaxy A04 4/64GB черный
","
10950 сом
",/images/product/112983/1667077607_60071300.jpg
"
Сотовый телефон Samsung Galaxy A53 5G 6/128GB голубой
","
29190 сом
",/images/product/105304/1649760852_08627000.jpg
"
Сотовый телефон Xiaomi 12T 8/256GB голубой
","
36280 сом
",/images/product/111960/1665144967_82473500.jpg
"
Сотовый телефон Samsung Galaxy A04 4/64GB белый
","
10950 сом
",/images/product/112984/1667077845_67471400.jpg
"
Сотовый телефон Samsung Galaxy A53 5G 8/128GB черный
","
29990 сом
",/images/product/105305/1649761049_10768900.jpg
"
Сотовый телефон Xiaomi 12T Pro 8/256GB черный
","

 52310 сом
-2%

51420 сом
",/images/product/111961/1665146065_57260800.jpg
"
Сотовый телефон Samsung Galaxy A04 4/64GB зеленый
","
10950 сом
",/images/product/112985/1667077850_81511100.jpg
"
Сотовый телефон Honor 9C 4/64GB голубой
","
14390 сом
",/images/product/84826/1602184323_92792200.jpg
"
Сотовый телефон Samsung Galaxy A53 5G 8/128GB белый
","
29990 сом
",/images/product/105306/1649761180_54346900.jpg
"
Сотовый телефон Xiaomi 12T Pro 8/256GB голубой
","

 52310 сом
-2%

51420 сом
",/images/product/111962/1665146166_33421300.jpg
"
Сотовый телефон Samsung Galaxy A04 4/64GB медный
","
10950 сом
",/images/product/112986/1667077855_49828600.jpg
"
Сотовый телефон Honor 9C 4/64GB черный
","
14390 сом
",/images/product/84827/1602184383_76638300.jpg
"
Сотовый телефон Samsung Galaxy A53 5G 8/128GB персиковый
","
29990 сом
",/images/product/105307/1649761387_15221700.jpg
"
Сотовый телефон Samsung Galaxy A04s 4/64GB черный
","
12350 сом
",/images/product/112987/1667078708_09449600.jpg
"
Сотовый телефон Samsung A52s 5G 6/128GB черный
","
27540 сом
",/images/product/115803/1672998577_23245600.jpg
"
Сотовый телефон Samsung Galaxy A53 5G 8/128GB голубой
","
29990 сом
",/images/product/105308/1649761535_61343300.jpg
"
Сотовый телефон Samsung Galaxy A13 (SM-A137) 4/64GB черный
","
13330 сом
",/images/product/111964/1665148664_90143300.jpg
"
Сотовый телефон Samsung Galaxy A04s 4/64GB белый
","
12350 сом
",/images/product/112988/1667078711_58657400.jpg
"
Сотовый телефон Samsung Galaxy A04s 4/64GB зеленый
","
12350 сом
",/images/product/112989/1667078714_93759800.jpg
"
Сотовый телефон Samsung Galaxy A04s 4/64GB медный
","
12350 сом
",/images/product/112990/1667078719_97190500.jpg
"
Сотовый телефон Apple iPhone 13 Pro 128GB зеленый
","
100110 сом
",/images/product/104799/1648276603_98820600.png
"
Сотовый телефон Xiaomi Redmi 10 2022 6/128GB голубой
","
14460 сом
",/images/product/109151/1658828496_75707400.jpg
"
Сотовый телефон Samsung Galaxy A04s 4/128GB черный
","
13960 сом
",/images/product/112991/1667078809_64921800.jpg
"
Сотовый телефон Apple iPhone 13 Pro Max 128GB зеленый
","

 105950 сом
-2%

104160 сом
",/images/product/104800/1648277074_04112200.png
"
Сотовый телефон Xiaomi Redmi 10 2022 6/128GB белый
","
14460 сом
",/images/product/109152/1658828510_13282400.jpg
"
Сотовый телефон Samsung Galaxy A04s 4/128GB белый
","
13960 сом
",/images/product/112992/1667079728_21774400.jpg
"
Сотовый телефон Samsung Galaxy A04s 4/128GB зеленый
","
13960 сом
",/images/product/112993/1667079731_69110300.jpg
"
Сотовый телефон Samsung Galaxy A04s 4/128GB медный
","
13960 сом
",/images/product/112994/1667079735_75656600.jpg
"
Сотовый телефон Xiaomi Redmi 10C 4/128GB серый
","
12790 сом
",/images/product/104803/1648310638_87270900.jpg
"
Сотовый телефон Xiaomi Redmi 10C 4/128GB синий
","
12790 сом
",/images/product/104804/1648310652_05982100.jpg
"
Сотовый телефон Xiaomi Redmi 10C 4/128GB зеленый
","
12790 сом
",/images/product/104805/1648310666_54418900.jpg
"
Сотовый телефон Xiaomi Redmi 10 2022 4/128GB голубой
","
13600 сом
",/images/product/106854/1653145152_17687600.jpg
"
Сотовый телефон Xiaomi 12 8/256GB серый
","
47810 сом
",/images/product/106855/1653146670_82874800.jpg
"
Сотовый телефон Xiaomi 12 8/256GB фиолетовый
","
47810 сом
",/images/product/106856/1653146707_49934400.jpg
"
Сотовый телефон Apple iPhone 13 128GB красный
","
66240 сом
",/images/product/97897/1631808085_26488000.jpg
"
Сотовый телефон Xiaomi 12 8/256GB зеленый
","
47810 сом
",/images/product/106857/1653146808_23102000.jpg
"
Сотовый телефон Xiaomi Redmi Note 10S 6/64GB черный
","

 13960 сом
-2%

13700 сом
",/images/product/93290/1622501264_72553400.jpg
"
Сотовый телефон Apple iPhone 13 256GB красный
","
75500 сом
",/images/product/97898/1631808163_19486100.jpg
"
Сотовый телефон Xiaomi Poco C40 3/32GB черный
","

 9440 сом
-6%

8910 сом
",/images/product/109162/1658830303_46090100.jpg
"
Сотовый телефон Xiaomi Redmi 9A 2/32GB зеленый
","
8200 сом
",/images/product/82539/1597087470_22009200.jpg
"
Сотовый телефон Xiaomi Poco C40 3/32GB желтый
","

 9440 сом
-6%

8910 сом
",/images/product/109163/1658830346_69271300.jpg
"
Сотовый телефон Apple iPhone 13 128GB синий
","
66240 сом
",/images/product/97900/1631808440_79057200.jpg
"
Сотовый телефон Xiaomi Redmi Note 11S 5G 6/128GB черный
","

 19770 сом
-3%

19150 сом
",/images/product/113772/1668356813_17959500.png
"
Сотовый телефон Apple iPhone 13 256GB синий
","
75500 сом
",/images/product/97901/1631808460_05048700.jpg
"
Сотовый телефон Apple iPhone 13 128GB полуночный
","
66240 сом
",/images/product/97903/1631808729_32480300.jpg
"
Сотовый телефон Xiaomi Poco F4 5G 8/256GB черный
","
32240 сом
",/images/product/109167/1658831060_19712800.jpg
"
Сотовый телефон Apple iPhone 13 256GB полуночный
","
75500 сом
",/images/product/97904/1631808749_52759400.jpg
"
Сотовый телефон Apple iPhone 13 128GB сияющая звезда
","
66240 сом
",/images/product/97906/1631809004_80505000.jpg
"
Сотовый телефон Apple iPhone 13 256GB сияющая звезда
","
75500 сом
",/images/product/97907/1631809025_40225100.jpg
"
Сотовый телефон Apple iPhone 14 Plus 256GB полночный черный
","

 89790 сом
-1%

88740 сом
",/images/product/111987/1667069557_59609700.jpg
"
Сотовый телефон Apple iPhone 14 Plus 128GB полночный черный
","

 81060 сом
-1%

80610 сом
",/images/product/111988/1667068823_33963400.jpg
"
Сотовый телефон Apple iPhone 13 128GB розовый
","
66240 сом
",/images/product/97909/1631809348_37875500.jpg
"
Сотовый телефон Apple iPhone 14 Plus 128GB голубой
","

 81060 сом
-1%

80610 сом
",/images/product/111989/1667068764_08398100.jpg
"
Сотовый телефон Apple iPhone 13 256GB розовый
","
75500 сом
",/images/product/97910/1631809368_06181800.jpg
"
Сотовый телефон Samsung Galaxy S22 Ultra 12/256GB черный
","
83730 сом
",/images/product/104822/1648319089_75835000.png
"
Сотовый телефон Samsung Galaxy S22 Ultra 12/256GB белый
","
83730 сом
",/images/product/104823/1648319267_14637700.png
"
Сотовый телефон Apple iPhone 13 Pro 128GB графитовый
","
100110 сом
",/images/product/97912/1631811672_04783000.jpg
"
Сотовый телефон Samsung Galaxy S22 Ultra 12/256GB фиолетовый
","
83730 сом
",/images/product/104824/1648319379_27545800.png
"
Сотовый телефон Xiaomi 12 Lite 8/128GB черный
","
31160 сом
",/images/product/108408/1657099394_89184600.jpg
"
Сотовый телефон Realme 7i 4/128GB полярный синий
","
16600 сом
",/images/product/88953/1613404750_13715300.jpg
"
Сотовый телефон Apple iPhone 13 Pro 256GB графитовый
","

 109540 сом
-0%

109100 сом
",/images/product/97913/1631811727_72990400.jpg
"
Сотовый телефон Samsung Galaxy S22 Ultra 12/256GB зеленый
","
83730 сом
",/images/product/104825/1648319473_69430100.png
"
Сотовый телефон Xiaomi 12 Lite 8/128GB зеленый
","
31160 сом
",/images/product/108409/1657099397_38474300.jpg
"
Сотовый телефон Realme 7i 4/128GB зеленый
","
16600 сом
",/images/product/88954/1613404904_44119500.jpg
"
Сотовый телефон Samsung Galaxy S22 Ultra 12/256GB серый
","
83730 сом
",/images/product/104826/1648319584_65168500.png
"
Сотовый телефон Xiaomi 12 Lite 8/128GB розовый
","
31160 сом
",/images/product/108410/1657099399_63123100.jpg
"
Сотовый телефон Apple iPhone 13 Pro 1TB графитовый
","
118540 сом
",/images/product/97915/1631811801_57040900.jpg
"
Сотовый телефон Samsung Galaxy S22 Ultra 12/256GB красный
","
83730 сом
",/images/product/104827/1648319672_36030400.png
"
Сотовый телефон Samsung Galaxy A13 4G 6/128GB черный
","
16400 сом
",/images/product/116347/1674122714_30284100.jpg
"
Сотовый телефон Apple iPhone 13 Pro 128GB синий
","
100110 сом
",/images/product/97916/1631812105_74700200.jpg
"
Сотовый телефон Samsung Galaxy S22 Ultra 12/256GB голубой
","
83730 сом
",/images/product/104828/1648319758_15378800.png
"
Сотовый телефон Xiaomi 12 Lite 8/256GB черный
","
31790 сом
",/images/product/108412/1657099701_04144200.jpg
"
Сотовый телефон Apple iPhone 13 Pro 256GB синий
","
109100 сом
",/images/product/97917/1631812125_61155400.jpg
"
Сотовый телефон Xiaomi Redmi Note 11 Pro 4G 6/128GB серый
","
20990 сом
",/images/product/104829/1648320022_56998600.jpg
"
Сотовый телефон Xiaomi 12 Lite 8/256GB зеленый
","
31790 сом
",/images/product/108413/1657099715_34622000.jpg
"
Сотовый телефон Xiaomi Redmi Note 11 Pro 5G 8/128GB синий
","
25220 сом
",/images/product/104830/1648320266_68800700.jpg
"
Сотовый телефон Xiaomi 12 Lite 8/256GB розовый
","
31790 сом
",/images/product/108414/1657099737_56234100.jpg
"
Сотовый телефон BQ BQ-2004 Ray черно-зеленый
","
3000 сом
",/images/product/85887/1605092934_26047500.jpg
"
Сотовый телефон Apple iPhone 13 Pro 1TB синий
","

 118540 сом
-1%

117660 сом
",/images/product/97919/1631812173_61151400.jpg
"
Сотовый телефон Samsung Galaxy A03 4/64GB черный
","
10950 сом
",/images/product/104319/1647473798_95365200.jpg
"
Сотовый телефон Xiaomi 12X 8/256GB фиолетовый
","
46920 сом
",/images/product/104831/1648320483_40571400.jpg
"
Сотовый телефон Apple iPhone 13 Pro 128GB золотой
","
100110 сом
",/images/product/97920/1631812515_32549200.jpg
"
Сотовый телефон Samsung Galaxy A03 4/64GB синий
","
10950 сом
",/images/product/104320/1647473810_33860900.jpg
"
Сотовый телефон Nokia 230 Dual Sim синий
","
5290 сом
",/images/product/75393/1576673544_72059700.jpg
"
Сотовый телефон BQ BQ-2004 Ray черно-оранжевый
","
3000 сом
",/images/product/85889/1605093053_06490400.jpg
"
Сотовый телефон Apple iPhone 13 Pro 256GB золотой
","
109100 сом
",/images/product/97921/1631812534_01241800.jpg
"
Сотовый телефон Samsung Galaxy A03 4/64GB красный
","
10950 сом
",/images/product/104321/1647473818_19677700.jpg
"
Сотовый телефон Xiaomi 11T Pro 8/256GB серый
","
38190 сом
",/images/product/104833/1648321987_96090900.png
"
Сотовый телефон Xiaomi Redmi 9C 3/64GB серый
","
9440 сом
",/images/product/83330/1598627217_62522600.jpg
"
Сотовый телефон BQ BQ-2004 Ray черный
","
3000 сом
",/images/product/85890/1605093127_09908400.jpg
"
Сотовый телефон Xiaomi 11T Pro 8/256GB белый
","
38190 сом
",/images/product/104834/1648322109_04391500.png
"
Сотовый телефон Xiaomi Redmi 9C 3/64GB синий
","

 9610 сом
-2%

9440 сом
",/images/product/83331/1598637451_49522700.jpg
"
Сотовый телефон Apple iPhone 13 Pro 1TB золотой
","
118540 сом
",/images/product/97923/1631812579_92526600.jpg
"
Сотовый телефон Xiaomi 11T Pro 8/256GB голубой
","
38190 сом
",/images/product/104835/1648322225_30619200.png
"
Сотовый телефон Apple iPhone 13 Pro 128GB серебристый
","
100110 сом
",/images/product/97924/1631812897_18512100.jpg
"
Сотовый телефон Xiaomi Redmi Note 11 Pro 4G 6/128GB голубой
","
20990 сом
",/images/product/104836/1648323196_75242800.jpg
"
Сотовый телефон Xiaomi Poco M5 4/64GB желтый
","
13230 сом
",/images/product/111236/1663840027_89378900.jpg
"
Сотовый телефон Apple iPhone 13 Pro 256GB серебристый
","
109100 сом
",/images/product/97925/1631812919_12735000.jpg
"
Сотовый телефон Xiaomi Redmi Note 11 Pro 5G 8/128GB серый
","
25220 сом
",/images/product/103557/1645524702_43748600.jpg
"
Сотовый телефон Xiaomi Poco M5 4/128GB черный
","
15080 сом
",/images/product/111237/1663840034_78846000.jpg
"
Сотовый телефон Xiaomi Redmi Note 11 Pro 5G 8/128GB белый
","
25220 сом
",/images/product/103558/1645524919_71634500.jpg
"
Сотовый телефон Xiaomi Redmi 9C 3/64GB оранжевый
","

 9610 сом
-2%

9440 сом
",/images/product/83335/1598706824_80451900.jpg
"
Сотовый телефон Apple iPhone 13 Pro 1TB серебристый
","
118540 сом
",/images/product/97927/1631812969_56523900.jpg
"
Сотовый телефон ASUS PadFone mini черный
","
18620 сом
",/images/product/55687/55687.jpg
"
Сотовый телефон Apple iPhone 13 Pro Max 128GB графитовый
","

 105950 сом
-2%

104160 сом
",/images/product/97928/1631814587_45720200.jpg
"
Сотовый телефон Xiaomi 12X 8/128GB фиолетовый
","
43040 сом
",/images/product/103560/1645528032_46539500.jpg
"
Сотовый телефон Apple iPhone 13 Pro Max 256GB графитовый
","

 114930 сом
-1%

114040 сом
",/images/product/97929/1631814606_50121700.jpg
"
Сотовый телефон Xiaomi 12X 8/256GB серый
","
46920 сом
",/images/product/103561/1645528256_33738100.jpg
"
Сотовый телефон BQ BQ-2449 Hammer зеленый
","
3350 сом
",/images/product/85898/1605094882_70653000.jpg
"
Сотовый телефон BQ BQ-2449 Hammer оранжевый
","
3350 сом
",/images/product/85899/1605095006_20935400.jpg
"
Сотовый телефон Apple iPhone 13 Pro Max 1TB графитовый
","
122160 сом
",/images/product/97931/1631814783_11680500.jpg
"
Сотовый телефон BQ BQ-2449 Hammer черный
","
3350 сом
",/images/product/85900/1605095180_19869000.jpg
"
Сотовый телефон Apple iPhone 13 Pro Max 128GB серебристый
","

 105950 сом
-2%

104160 сом
",/images/product/97932/1631815017_40412500.jpg
"
Сотовый телефон BQ BQ-3587 Disco Boom черный
","
3170 сом
",/images/product/85901/1605098664_11167500.jpg
"
Сотовый телефон Apple iPhone 13 Pro Max 256GB серебристый
","

 114930 сом
-1%

114040 сом
",/images/product/97933/1631815040_09605500.jpg
"
Сотовый телефон BQ BQ-3587 Disco Boom зеленый
","
3170 сом
",/images/product/85902/1605098898_93582300.jpg
"
Сотовый телефон BQ BQ-3587 Disco Boom синий
","
3170 сом
",/images/product/85903/1605099084_28044200.jpg
"
Сотовый телефон Apple iPhone 13 Pro Max 1TB серебристый
","
122160 сом
",/images/product/97935/1631815090_07595800.jpg
"
Сотовый телефон BQ BQ-3587 Disco Boom красный
","
3170 сом
",/images/product/85904/1605099196_90993400.jpg
"
Сотовый телефон Apple iPhone 13 Pro Max 128GB золотой
","

 105950 сом
-2%

104160 сом
",/images/product/97936/1631815397_03257100.jpg
"
Сотовый телефон Apple iPhone 13 Pro Max 256GB золотой
","

 114930 сом
-1%

114040 сом
",/images/product/97937/1631815413_16996800.jpg
"
Сотовый телефон Samsung Galaxy A13 4G 4/64GB черный
","
14240 сом
",/images/product/105106/1649051047_41500400.jpg
"
Сотовый телефон Apple iPhone 13 Pro Max 1TB золотой
","
122160 сом
",/images/product/97939/1631815462_62947400.jpg
"
Сотовый телефон Samsung Galaxy A13 4G 4/64GB белый
","
14240 сом
",/images/product/105107/1649051002_49715500.jpg
"
Сотовый телефон Apple iPhone 13 Pro Max 128GB синий
","

 105950 сом
-2%

104160 сом
",/images/product/97940/1631815790_23633000.jpg
"
Сотовый телефон Xiaomi 11 Lite 5G NE 8/128GB черный
","

 23660 сом
-1%

23390 сом
",/images/product/98452/1632738290_42255500.jpg
"
Сотовый телефон Samsung Galaxy A13 4G 4/64GB персиковый
","
14240 сом
",/images/product/105108/1649050938_27167200.jpg
"
Сотовый телефон BQ BQ-2824 Tank T черный
","
3350 сом
",/images/product/85909/1605103910_44521000.jpg
"
Сотовый телефон Apple iPhone 13 Pro Max 256GB синий
","

 114930 сом
-1%

114040 сом
",/images/product/97941/1631815819_31816700.jpg
"
Сотовый телефон Samsung Galaxy A13 4G 4/64GB голубой
","
14240 сом
",/images/product/105109/1649050882_84903300.jpg
"
Сотовый телефон BQ BQ-2824 Tank T синий камуфляж
","
3350 сом
",/images/product/85910/1605104257_24904600.jpg
"
Сотовый телефон BQ BQ-2824 Tank T зеленый
","
3350 сом
",/images/product/85911/1605104432_78438800.jpg
"
Сотовый телефон Apple iPhone 13 Pro Max 1TB синий
","
122160 сом
",/images/product/97943/1631815871_23539100.jpg
"
Сотовый телефон BQ BQ-2824 Tank T серый камуфляж
","
3350 сом
",/images/product/85912/1605104535_51372100.jpg
"
Сотовый телефон Xiaomi 12T 8/128GB серебристый
","

 34490 сом
-1%

34220 сом
",/images/product/112025/1665399806_18672700.jpg
"
Сотовый телефон Xiaomi 12T Pro 8/256GB серебристый
","

 52310 сом
-2%

51420 сом
",/images/product/112027/1665400003_70814600.jpg
"
Сотовый телефон Xiaomi Redmi 9A 2/32GB серый гранит
","
8200 сом
",/images/product/81820/1595752437_69165100.jpg
"
Сотовый телефон Xiaomi 12T Pro 12/256GB серебристый
","
53660 сом
",/images/product/112796/1666849546_93704000.jpg
"
Сотовый телефон Samsung Galaxy A23 4/128GB черный
","
17820 сом
",/images/product/105119/1649052107_79765600.jpg
"
Сотовый телефон Samsung Galaxy A33 5G 8/128GB белый
","
24250 сом
",/images/product/109471/1659794332_08091000.jpg
"
Сотовый телефон Samsung Galaxy A23 4/128GB белый
","
17820 сом
",/images/product/105120/1649052175_58209600.jpg
"
Сотовый телефон Samsung Galaxy A33 5G 8/128GB персиковый
","
24250 сом
",/images/product/109472/1659794452_56709800.jpg
"
Сотовый телефон Samsung Galaxy A23 4/128GB персиковый
","
17820 сом
",/images/product/105121/1649052208_08866000.jpg
"
Сотовый телефон Samsung Galaxy A33 5G 8/128GB голубой
","
24250 сом
",/images/product/109473/1659794653_76895700.jpg
"
Сотовый телефон Samsung Galaxy A23 4/128GB голубой
","
17820 сом
",/images/product/105122/1649052239_71344800.jpg
"
Сотовый телефон Samsung Galaxy A33 5G 8/128GB черный
","
24250 сом
",/images/product/109474/1659794778_00552500.jpg
"
Сотовый телефон Samsung Galaxy A23 6/128GB черный
","
18700 сом
",/images/product/105123/1649052408_63529100.jpg
"
Сотовый телефон Xiaomi Poco M5 4/64GB черный
","
13230 сом
",/images/product/113315/1667740770_40977600.jpg
"
Сотовый телефон Samsung Galaxy A23 6/128GB белый
","
18700 сом
",/images/product/105124/1649052559_53778800.jpg
"
Сотовый телефон Samsung Galaxy A23 6/128GB персиковый
","
18700 сом
",/images/product/105125/1649052808_01852600.jpg
"
Сотовый телефон Samsung Galaxy A03 Core 2/32GB черный
","
9000 сом
",/images/product/101542/1640059744_04453000.png
"
Сотовый телефон Oppo A12 3/32GB синий
","
7580 сом
",/images/product/102566/1642476269_39039700.jpg
"
Сотовый телефон Samsung Galaxy A23 6/128GB голубой
","
18700 сом
",/images/product/105126/1649053026_70166900.jpg
"
Сотовый телефон Samsung Galaxy A03 Core 2/32GB синий
","
9000 сом
",/images/product/101544/1640059916_27738300.png
"
Сотовый телефон Samsung Galaxy S22 Plus 5G 8/128GB черный
","
72070 сом
",/images/product/105130/1649056653_30716400.jpg
"
Сотовый телефон HTC Wildfire E 2/32Gb черный
","
7580 сом
",/images/product/90027/1615733523_33745100.jpg
"
Сотовый телефон Samsung Galaxy S22 Plus 5G 8/128GB зеленый
","
72070 сом
",/images/product/105131/1649056998_60439800.jpg
"
Сотовый телефон Samsung Galaxy Z Flip4 8/256 фиолетовый
","
72970 сом
",/images/product/112811/1666851898_64551600.jpg
"
Сотовый телефон HTC Wildfire E 2/32Gb золотой
","
7580 сом
",/images/product/90028/1615733526_10401900.jpg
"
Сотовый телефон Samsung Galaxy S22 Plus 5G 8/256GB черный
","
76560 сом
",/images/product/105132/1649057051_53599400.jpg
"
Сотовый телефон Apple iPhone 14 128GB полночный черный
","
73420 сом
",/images/product/111020/1667069318_27060600.jpg
"
Сотовый телефон Samsung Galaxy Z Flip4 8/256 графитовый
","
72970 сом
",/images/product/112812/1666851909_57700800.jpg
"
Сотовый телефон HTC Wildfire E2 4/64Gb черный
","
8550 сом
",/images/product/90029/1615734456_46436000.jpg
"
Сотовый телефон Xiaomi Redmi 9C 4/128GB оранжевый
","
10950 сом
",/images/product/96685/1629783962_21763300.jpg
"
Сотовый телефон Apple iPhone 14 128GB фиолетовый
","
73420 сом
",/images/product/111021/1667069304_37205800.jpg
"
Сотовый телефон Samsung Galaxy Z Flip4 8/256 голубой
","
72970 сом
",/images/product/112813/1666851919_70805200.jpg
"
Сотовый телефон HTC Wildfire E2 4/64Gb синий
","
8550 сом
",/images/product/90030/1615734495_48681000.jpg
"
Сотовый телефон Xiaomi Redmi Note 10 Pro 6/128GB серый
","
17990 сом
",/images/product/91054/1667280142_09322500.jpg
"
Сотовый телефон Apple iPhone 14 128GB сияющая звезда
","
73420 сом
",/images/product/111022/1667069288_96465100.jpg
"
Сотовый телефон Samsung Galaxy Z Flip4 8/256 золотой
","
72970 сом
",/images/product/112814/1666851929_26870300.jpg
"
Сотовый телефон Meizu M10 2/32GB черный
","
7410 сом
",/images/product/90031/1615737550_56915500.jpg
"
Сотовый телефон Xiaomi Redmi 9C 4/128GB фиолетовый
","
10950 сом
",/images/product/101551/1640062893_34567000.png
"
Сотовый телефон Apple iPhone 14 128GB голубой
","
73420 сом
",/images/product/111023/1667069269_56684100.jpg
"
Сотовый телефон Meizu M10 2/32GB синий
","
7410 сом
",/images/product/90032/1615737645_08628500.jpg
"
Сотовый телефон Xiaomi Redmi 9C 4/128GB синий
","
10950 сом
",/images/product/95920/1628159108_01717700.jpg
"
Сотовый телефон Xiaomi Redmi Note 11 Pro 4G 6/128GB белый
","
20990 сом
",/images/product/105136/1649060394_30736400.jpg
"
Сотовый телефон Apple iPhone 14 128GB красный
","
73420 сом
",/images/product/111024/1667069255_04497100.jpg
"
Сотовый телефон Meizu M10 2/32GB красный
","
7410 сом
",/images/product/90033/1615737698_26785700.jpg
"
Сотовый телефон Apple iPhone 14 256GB полночный черный
","
83280 сом
",/images/product/111025/1667069429_30394900.jpg
"
Сотовый телефон Meizu M10 3/32GB черный
","
7580 сом
",/images/product/90034/1615737953_84382600.jpg
"
Сотовый телефон Xiaomi Redmi Note 10 Pro 8/128GB серый
","
19860 сом
",/images/product/91058/1667279874_52402500.jpg
"
Сотовый телефон Xiaomi Redmi Note 11 Pro 5G 6/128GB серый
","
21430 сом
",/images/product/105138/1649062470_87302300.jpg
"
Сотовый телефон Apple iPhone 14 256GB фиолетовый
","
83280 сом
",/images/product/111026/1667069410_35447000.jpg
"
Сотовый телефон Samsung Galaxy A13 4G 6/128GB голубой
","
16400 сом
",/images/product/116402/1674308722_02592200.jpg
"
Сотовый телефон Meizu M10 3/32GB синий
","
7580 сом
",/images/product/90035/1615738105_96625700.jpg
"
Сотовый телефон Xiaomi Redmi Note 11 Pro 5G 6/128GB белый
","
22680 сом
",/images/product/105139/1649062653_36411900.jpg
"
Сотовый телефон Apple iPhone 14 256GB сияющая звезда
","
83280 сом
",/images/product/111027/1667069396_12428400.jpg
"
Сотовый телефон Samsung Galaxy A13 4G 6/128GB белый
","
16400 сом
",/images/product/116403/1674308857_75928800.jpg
"
Сотовый телефон Meizu M10 3/32GB красный
","
7580 сом
",/images/product/90036/1615738140_92462800.jpg
"
Сотовый телефон Itel A25 фиолетовый
","
4590 сом
",/images/product/101556/1640066729_15082200.jpg
"
Сотовый телефон Apple iPhone 14 256GB голубой
","
83280 сом
",/images/product/111028/1667069379_34607800.jpg
"
Сотовый телефон Samsung Galaxy A13 4G 6/128GB персиковый
","
16400 сом
",/images/product/116404/1674308979_44451500.jpg
"
Сотовый телефон Apple iPhone 14 256GB красный
","
83280 сом
",/images/product/111029/1667069365_92337100.jpg
"
Сотовый телефон Xiaomi 12 Pro 12/256GB зеленый
","
60420 сом
",/images/product/116405/1674310790_68730300.png
"
Сотовый телефон Apple iPhone 14 Pro 128GB космический черный
","

 106400 сом
-0%

105950 сом
",/images/product/111030/1667070233_28210600.jpg
"
Сотовый телефон Samsung Galaxy A32 (2021) 6/128GB (SM-A325F/DS) черный
","
19410 сом
",/images/product/91063/1618759682_30063600.jpg
"
Сотовый телефон Apple iPhone 14 Pro 128GB фиолетовый
","

 106400 сом
-0%

105950 сом
",/images/product/111031/1667070267_45413700.jpg
"
Сотовый телефон Samsung Galaxy A32 (2021) 6/128GB (SM-A325F/DS) белый
","
19050 сом
",/images/product/91064/1618759750_84450100.jpg
"
Сотовый телефон Apple iPhone 14 Pro 128GB серебристый
","

 106400 сом
-0%

105950 сом
",/images/product/111032/1667070106_55554700.jpg
"
Сотовый телефон Samsung Galaxy A32 (2021) 6/128GB (SM-A325F/DS) голубой
","
19050 сом
",/images/product/91065/1618759798_76777500.jpg
"
Сотовый телефон Itel A48 2/32GB фиолетовый
","
5820 сом
",/images/product/101561/1640068040_84967200.jpg
"
Сотовый телефон Apple iPhone 14 Pro 128GB золотой
","

 106400 сом
-0%

105950 сом
",/images/product/111033/1667070181_22421300.jpg
"
Сотовый телефон Samsung Galaxy A03s 2/32GB белый
","
10500 сом
",/images/product/116153/1673698359_06511000.jpg
"
Сотовый телефон Samsung Galaxy A32 (2021) 6/128GB (SM-A325F/DS) лавандовый
","
19050 сом
",/images/product/91066/1618759836_26747400.jpg
"
Сотовый телефон Apple iPhone 14 Pro 256GB космический черный
","

 115380 сом
-0%

114930 сом
",/images/product/111034/1667070402_34447000.jpg
"
Сотовый телефон Xiaomi Redmi Note 10 Pro 8/256GB голубой
","

 20410 сом
-1%

20230 сом
",/images/product/113082/1667278980_33275500.jpg
"
Сотовый телефон Xiaomi Redmi A1 2/32 черный
","

 8470 сом
-2%

8290 сом
",/images/product/116154/1673701828_27359800.jpg
"
Сотовый телефон Itel A25 голубой
","
4590 сом
",/images/product/95931/1628189348_48401900.jpg
"
Сотовый телефон Itel Vision 1 Pro 2/32GB синий
","
6260 сом
",/images/product/101563/1640069123_75143200.jpg
"
Сотовый телефон Apple iPhone 14 Pro 256GB фиолетовый
","

 115380 сом
-0%

114930 сом
",/images/product/111035/1667070388_12901000.jpg
"
Сотовый телефон Xiaomi Redmi Note 10 Pro 8/256GB серый
","

 20410 сом
-1%

20230 сом
",/images/product/113083/1667278983_39177900.jpg
"
Сотовый телефон Xiaomi Redmi A1 2/32 голубой
","

 8470 сом
-2%

8290 сом
",/images/product/116155/1673701846_60674400.jpg
"
Сотовый телефон Xiaomi Poco X4 GT 5G 8/256GB черный
","
29190 сом
",/images/product/109756/1660641806_42497600.jpg
"
Сотовый телефон Apple iPhone 14 Pro 256GB серебристый
","

 115380 сом
-0%

114930 сом
",/images/product/111036/1667070372_61622300.jpg
"
Сотовый телефон Xiaomi Redmi A1 2/32 зеленый
","

 8470 сом
-2%

8290 сом
",/images/product/116156/1673701892_92542500.jpg
"
Сотовый телефон Xiaomi Poco X4 GT 5G 8/256GB голубой
","
29190 сом
",/images/product/109757/1660641822_67308600.jpg
"
Сотовый телефон Samsung Galaxy Z Fold4 12/256 бежевый
","
123040 сом
",/images/product/110525/1662310203_63201400.jpg
"
Сотовый телефон Apple iPhone 14 Pro 256GB золотой
","

 115380 сом
-0%

114930 сом
",/images/product/111037/1667070358_93584700.jpg
"
Сотовый телефон Xiaomi Poco M5 4/64GB зеленый
","
13230 сом
",/images/product/116157/1673707276_86653000.jpg
"
Сотовый телефон Realme C3 3/32GB серый
","
9530 сом
",/images/product/85438/1603788962_41453700.jpg
"
Сотовый телефон Xiaomi Poco X4 GT 5G 8/256GB серебристый
","
29190 сом
",/images/product/109758/1660641834_23520300.jpg
"
Сотовый телефон Samsung Galaxy Z Fold4 12/256 черный
","
123040 сом
",/images/product/110526/1662310287_69661600.jpg
"
Сотовый телефон Apple iPhone 14 Pro 512GB космический черный
","
140060 сом
",/images/product/111038/1667070524_57599700.jpg
"
Сотовый телефон Samsung Galaxy Z Fold4 12/256 серый
","
123040 сом
",/images/product/110527/1662310364_54025900.jpg
"
Сотовый телефон Apple iPhone 14 Pro 512GB золотой
","
138740 сом
",/images/product/111039/1667070553_51317100.jpg
"
Сотовый телефон Apple iPhone 14 Plus 128GB фиолетовый
","

 81060 сом
-1%

80610 сом
",/images/product/112831/1667068716_02391900.jpg
"
Сотовый телефон Realme C3 3/32GB красный
","
9530 сом
",/images/product/85440/1603789061_49507600.jpg
"
Сотовый телефон Apple iPhone 14 Pro Max 128GB космический черный
","
118280 сом
",/images/product/111040/1667070713_51743500.jpg
"
Сотовый телефон Xiaomi Poco M5 6/128GB черный
","
15520 сом
",/images/product/113088/1667281611_91530300.jpg
"
Сотовый телефон Apple iPhone 14 Pro Max 128GB серебристый
","
118280 сом
",/images/product/111041/1667070809_59083700.jpg
"
Сотовый телефон Xiaomi Poco M5 6/128GB зеленый
","
15520 сом
",/images/product/113089/1667281718_47593600.jpg
"
Сотовый телефон Realme C3 3/32GB голубой
","
9530 сом
",/images/product/85442/1603789253_98753100.jpg
"
Сотовый телефон teXet TM-122 черный
","
1790 сом
",/images/product/96706/1629817649_59999000.jpg
"
Сотовый телефон Apple iPhone 14 Pro Max 128GB золотой
","
118280 сом
",/images/product/111042/1667070792_77567600.jpg
"
Сотовый телефон Apple iPhone 14 Pro Max 128GB фиолетовый
","
118280 сом
",/images/product/111043/1667070731_06616800.jpg
"
Сотовый телефон Apple iPhone 14 Pro Max 256GB космический черный
","

 125700 сом
-1%

124800 сом
",/images/product/111044/1667070992_90446700.jpg
"
Сотовый телефон Apple iPhone 14 Pro Max 256GB золотой
","

 125700 сом
-1%

124800 сом
",/images/product/111045/1667070980_14799600.jpg
"
Сотовый телефон Apple iPhone 14 Pro Max 256GB фиолетовый
","

 125700 сом
-1%

124800 сом
",/images/product/111046/1667070965_53690200.jpg
"
Сотовый телефон Apple iPhone 14 Pro Max 256GB серебристый
","

 125700 сом
-1%

124800 сом
",/images/product/111047/1667070952_57712100.jpg
"
Сотовый телефон Xiaomi Redmi 10 2022 4/128GB серый
","
13780 сом
",/images/product/106441/1652344192_90585000.jpg
"
Сотовый телефон Xiaomi Redmi 10 2022 4/64GB серый
","
12790 сом
",/images/product/106442/1652344207_74798100.jpg
"
Сотовый телефон Samsung Galaxy Z Fold2 (2020) 256GB (SM-F916F/DS) бронзовый
","
96060 сом
",/images/product/93643/1622903725_16461600.jpg
"
Сотовый телефон Xiaomi Redmi 10 2022 4/64GB голубой
","
12700 сом
",/images/product/106443/1652344219_27431800.jpg
"
Сотовый телефон Samsung Galaxy Z Fold4 12/512 серый
","

 116720 сом
-1%

115830 сом
",/images/product/110283/1661762734_12073400.jpg
"
Сотовый телефон Samsung Galaxy S22 8/256GB черный
","
61300 сом
",/images/product/105932/1651331709_45138700.jpg
"
Сотовый телефон Samsung Galaxy Z Fold4 12/512 черный
","

 116720 сом
-1%

115830 сом
",/images/product/110284/1661762779_54910900.jpg
"
Сотовый телефон Samsung Galaxy S22 8/256GB белый
","
61300 сом
",/images/product/105933/1651331741_85568900.jpg
"
Сотовый телефон Xiaomi Poco M3 Pro 5G 4/64GB черный
","
13140 сом
",/images/product/93646/1623004444_71335600.jpg
"
Сотовый телефон Samsung Galaxy S22 8/256GB розовый
","
61300 сом
",/images/product/105934/1651331770_66731200.jpg
"
Сотовый телефон Samsung Galaxy Z Fold4 12/512 бежевый
","

 116720 сом
-1%

115830 сом
",/images/product/110286/1661762810_97188600.jpg
"
Сотовый телефон Samsung Galaxy Z Fold2 (2020) 256GB (SM-F916F/DS) черный
","
96060 сом
",/images/product/88015/1611562611_06973300.jpg
"
Сотовый телефон Samsung Galaxy S22 8/256GB зеленый
","
61300 сом
",/images/product/105935/1651331801_97725500.jpg
"
Сотовый телефон Samsung Galaxy A03 4/128GB черный
","
11320 сом
",/images/product/108751/1657975970_41340800.jpg
"
Сотовый телефон Samsung Galaxy S22 8/256GB серый
","
61300 сом
",/images/product/105936/1651331831_15719900.jpg
"
Сотовый телефон Samsung Galaxy A03 4/128GB синий
","
11320 сом
",/images/product/108752/1657975986_11338100.jpg
"
Сотовый телефон Samsung Galaxy S22 8/256GB голубой
","
61300 сом
",/images/product/105937/1651331856_87154800.jpg
"
Сотовый телефон Samsung Galaxy A03 4/128GB красный
","
11320 сом
",/images/product/108753/1657975995_79529100.jpg
"
Сотовый телефон Samsung Galaxy S22 8/256GB фиолетовый
","
61300 сом
",/images/product/105938/1651331878_59420500.jpg
"
Сотовый телефон Apple iPhone 13 Pro 1TB зеленый
","
118540 сом
",/images/product/108754/1657980617_05948100.png
"
Сотовый телефон Samsung Galaxy S22 8/256GB бежевый
","
61300 сом
",/images/product/105939/1651331898_83144000.jpg
"
Сотовый телефон Samsung Galaxy S22 Plus 5G 8/256GB зеленый
","
76560 сом
",/images/product/105940/1651333446_38416100.jpg
"
Сотовый телефон Samsung Galaxy S22 Plus 5G 8/256GB белый
","
76560 сом
",/images/product/105941/1651333478_41448600.jpg
"
Сотовый телефон Xiaomi Redmi Note 11 6/128GB серый
","
17050 сом
",/images/product/103126/1644150126_80802500.jpg
"
Сотовый телефон Samsung Galaxy S22 Plus 5G 8/256GB розовый
","
76560 сом
",/images/product/105942/1651333525_75418700.jpg
"
Сотовый телефон Samsung Galaxy S22 Plus 5G 8/256GB серый
","
76560 сом
",/images/product/105943/1651333554_53982100.jpg
"
Сотовый телефон Xiaomi Redmi Note 11 4/128GB серый (NFC)
","
16580 сом
",/images/product/110295/1661767514_41453800.jpg
"
Сотовый телефон Samsung Galaxy S22 Plus 5G 8/256GB голубой
","
76560 сом
",/images/product/105944/1651333579_12936000.jpg
"
Сотовый телефон Samsung Galaxy A73 5G 8/256GB белый
","
37130 сом
",/images/product/109272/1659191670_78623400.jpg
"
Сотовый телефон Samsung Galaxy S22 Plus 5G 8/256GB фиолетовый
","
76560 сом
",/images/product/105945/1657397377_08750100.jpg
"
Сотовый телефон Samsung Galaxy A73 5G 8/256GB мятный
","

 38980 сом
-5%

37130 сом
",/images/product/109273/1659191769_21633300.jpg
"
Сотовый телефон Apple iPhone 14 Plus 512GB полночный черный
","
101450 сом
",/images/product/115673/1672427667_73664600.jpg
"
Сотовый телефон Samsung Galaxy S22 Plus 5G 8/256GB бежевый
","
76560 сом
",/images/product/105946/1651333634_66368800.jpg
"
Сотовый телефон Samsung Galaxy A73 5G 8/256GB серый
","

 38980 сом
-5%

37130 сом
",/images/product/109274/1659191850_22895200.jpg
"
Сотовый телефон Apple iPhone 14 Plus 512GB голубой
","
101450 сом
",/images/product/115674/1672428558_86146200.jpg
"
Сотовый телефон Apple iPhone 14 Plus 512GB красный
","
101450 сом
",/images/product/115675/1672428657_03961700.jpg
"
Сотовый телефон Apple iPhone 14 Plus 512GB фиолетовый
","
101450 сом
",/images/product/115676/1672428738_51664900.jpg
"
Сотовый телефон Xiaomi Redmi Note 10S 8/128GB голубой
","
15960 сом
",/images/product/94941/1625419335_93679400.jpg
"
Сотовый телефон Apple iPhone 14 Plus 512GB сияющая звезда
","
101450 сом
",/images/product/115677/1672428828_15855100.jpg
"
Сотовый телефон Samsung Galaxy A53 5G 8/256GB черный
","
30430 сом
",/images/product/108510/1657393190_36776700.jpg
"
Сотовый телефон Samsung Galaxy A53 5G 8/256GB белый
","
30890 сом
",/images/product/108511/1657393205_69674000.jpg
"
Сотовый телефон Samsung Galaxy A53 5G 8/256GB персиковый
","
30890 сом
",/images/product/108512/1657393218_52086000.jpg
"
Сотовый телефон Samsung Galaxy A53 5G 8/256GB голубой
","
30890 сом
",/images/product/108513/1657393229_48465300.jpg
"
Сотовый телефон Samsung Galaxy S21 Fan Edition 8/128GB графитовый
","
43040 сом
",/images/product/108514/1657394415_42122500.jpg
"
Сотовый телефон Samsung Galaxy S21 Fan Edition 8/128GB зеленый
","
43040 сом
",/images/product/108515/1657394516_28290400.jpg
"
Сотовый телефон Xiaomi Redmi 9C 3/64GB зеленый 
","

 9610 сом
-2%

9440 сом
",/images/product/106724/1652950371_86063300.jpg
"
Сотовый телефон Samsung Galaxy S21 Fan Edition 8/128GB лавандовый
","
43040 сом
",/images/product/108516/1657394603_72898500.jpg
"
Сотовый телефон Xiaomi Redmi 9C 3/64GB фиолетовый
","

 9610 сом
-2%

9440 сом
",/images/product/106725/1652950385_38708500.jpg
"
Сотовый телефон Samsung Galaxy S21 Fan Edition 8/128GB белый
","
43040 сом
",/images/product/108517/1657394680_26439500.jpg
"
Сотовый телефон Samsung Galaxy S22 Plus 5G 8/128GB белый
","
72070 сом
",/images/product/108518/1657396597_26118600.jpg
"
Сотовый телефон Xiaomi 12T Pro 12/256GB черный
","
53660 сом
",/images/product/112614/1666363137_77018800.jpg
"
Сотовый телефон Nokia 230 Dual Sim черный
","
5290 сом
",/images/product/38119/38119.jpg
"
Сотовый телефон Xiaomi Redmi 10 2022 6/128GB серый
","
14460 сом
",/images/product/108007/1656405439_55611300.jpg
"
Сотовый телефон Samsung Galaxy S22 Plus 5G 8/128GB розовый
","
72070 сом
",/images/product/108519/1657396730_19241300.jpg
"
Сотовый телефон Xiaomi 12T Pro 12/256GB голубой
","
53660 сом
",/images/product/112615/1666363229_75088700.jpg
"
Сотовый телефон Xiaomi Redmi 10C 4/64GB зеленый
","
12520 сом
",/images/product/106728/1652950917_92961300.jpg
"
Сотовый телефон Samsung Galaxy S22 Plus 5G 8/128GB серый
","
72070 сом
",/images/product/108520/1657396816_24091800.jpg
"
Сотовый телефон Samsung Galaxy S22 Plus 5G 8/128GB голубой
","
72070 сом
",/images/product/108521/1657396904_62095300.jpg
"
Сотовый телефон Samsung Galaxy S21 Fan Edition 8/256GB графитовый
","
47010 сом
",/images/product/103402/1644909138_14677800.jpg
"
Сотовый телефон Samsung Galaxy S22 Plus 5G 8/128GB фиолетовый
","
72070 сом
",/images/product/108522/1657397438_28569800.jpg
"
Сотовый телефон Samsung Galaxy S21 Fan Edition 8/256GB зеленый
","
47010 сом
",/images/product/103403/1644909155_80889600.jpg
"
Сотовый телефон Samsung Galaxy S22 Plus 5G 8/128GB бежевый
","
72070 сом
",/images/product/108523/1657397538_55618800.jpg
"
Сотовый телефон Apple iPhone 14 Pro 512GB фиолетовый
","
140060 сом
",/images/product/111083/1667070538_66750100.jpg
"
Сотовый телефон Samsung Galaxy S21 Fan Edition 8/256GB лавандовый
","
47010 сом
",/images/product/103404/1644909175_73567400.jpg
"
Сотовый телефон Xiaomi Redmi 10A 4/128GB черный
","

 11130 сом
-2%

10950 сом
",/images/product/108012/1656406126_69416000.jpg
"
Сотовый телефон Apple iPhone 14 Pro 512GB серебристый
","
138740 сом
",/images/product/111084/1667070573_06773300.jpg
"
Сотовый телефон Samsung Galaxy S21 Fan Edition 8/256GB белый
","
47010 сом
",/images/product/103405/1644909189_58593300.jpg
"
Сотовый телефон Xiaomi Redmi 10A 4/128GB синий
","

 11130 сом
-2%

10950 сом
",/images/product/108013/1656406139_08129000.jpg
"
Сотовый телефон Apple iPhone 14 Pro 1TB фиолетовый
","
153500 сом
",/images/product/111085/1667890532_54111400.jpg
"
Сотовый телефон Xiaomi Redmi 10A 4/128GB серый
","

 11130 сом
-2%

10950 сом
",/images/product/108014/1656406143_17876500.jpg
"
Сотовый телефон Apple iPhone 14 Pro 1TB космический черный
","
153500 сом
",/images/product/111086/1667890507_96516400.jpg
"
Сотовый телефон Huawei Y5p 32GB мятно-зеленый
","
9191 сом
",/images/product/80113/1591389542_67984400.jpg
"
Сотовый телефон Xiaomi Redmi 10C 3/64GB серый
","
10870 сом
",/images/product/108017/1656406707_71714700.jpg
"
Сотовый телефон Xiaomi Redmi 10C 3/64GB зеленый
","
10870 сом
",/images/product/108018/1656406717_60647900.jpg
"
Сотовый телефон Xiaomi Redmi 10C 3/64GB синий
","
10870 сом
",/images/product/108019/1656406723_11051300.jpg
"
Сотовый телефон Xiaomi Poco C40 4/64GB черный
","
10230 сом
",/images/product/109555/1660132485_31324400.jpg
"
Сотовый телефон teXet TM-130 черный
","
1790 сом
",/images/product/84981/1602699782_91350700.jpg
"
Сотовый телефон Apple iPhone 14 Pro Max 512GB космический черный
","

 145440 сом
-0%

145000 сом
",/images/product/111093/1667071078_31411600.jpg
"
Сотовый телефон Xiaomi Redmi Note 11S 6/64GB синий 
","
17550 сом
",/images/product/103414/1644984321_25384600.jpg
"
Сотовый телефон Apple iPhone 14 Pro Max 512GB фиолетовый
","

 145440 сом
-0%

145000 сом
",/images/product/111095/1667071064_21278900.jpg
"
Сотовый телефон Xiaomi Redmi Note 10 Pro 8/256GB бронзовый
","

 20410 сом
-1%

20230 сом
",/images/product/115447/1671868383_92953400.jpg
"
Сотовый телефон Xiaomi Redmi Note 11S 6/64GB белый
","
17550 сом
",/images/product/103416/1644984403_45225800.jpg
"
Сотовый телефон Apple iPhone 14 Pro Max 512GB серебристый
","

 145440 сом
-0%

145000 сом
",/images/product/111096/1668260122_29744300.jpg
"
Сотовый телефон Xiaomi Redmi Note 11S 6/128GB белый
","
19230 сом
",/images/product/103417/1644984420_34292700.jpg
"
Сотовый телефон Apple iPhone 14 Pro Max 512GB золотой
","

 145440 сом
-0%

145000 сом
",/images/product/111097/1668260140_42889700.jpg
"
Сотовый телефон Apple iPhone 14 Pro Max 1TB фиолетовый
","

 169610 сом
-1%

167840 сом
",/images/product/111100/1667071142_67516500.jpg
"
Сотовый телефон Apple iPhone 14 Pro Max 1TB золотой
","

 168730 сом
-1%

167840 сом
",/images/product/111101/1667071294_61179100.jpg
